{"T-shirt/top": {"precision": 0.7771317829457365, "recall": 0.802, "f1-score": 0.7893700787401575, "support": 1000.0}, "Trouser": {"precision": 0.9734151329243353, "recall": 0.952, "f1-score": 0.9625884732052579, "support": 1000.0}, "Pullover": {"precision": 0.7076923076923077, "recall": 0.69, "f1-score": 0.6987341772151898, "support": 1000.0}, "Dress": {"precision": 0.79182156133829, "recall": 0.852, "f1-score": 0.8208092485549133, "support": 1000.0}, "Coat": {"precision": 0.6793478260869565, "recall": 0.75, "f1-score": 0.7129277566539924, "support": 1000.0}, "Sandal": {"precision": 0.8371628371628371, "recall": 0.838, "f1-score": 0.8375812093953023, "support": 1000.0}, "Shirt": {"precision": 0.6657060518731989, "recall": 0.462, "f1-score": 0.5454545454545454, "support": 1000.0}, "Sneaker": {"precision": 0.8624288425047438, "recall": 0.909, "f1-score": 0.8851022395326192, "support": 1000.0}, "Bag": {"precision": 0.894990366088632, "recall": 0.929, "f1-score": 0.9116781157998037, "support": 1000.0}, "Ankle boot": {"precision": 0.8864503816793893, "recall": 0.929, "f1-score": 0.9072265625, "support": 1000.0}, "accuracy": 0.8113, "macro avg": {"precision": 0.8076147090296427, "recall": 0.8112999999999999, "f1-score": 0.8071472407051783, "support": 10000.0}, "weighted avg": {"precision": 0.8076147090296426, "recall": 0.8113, "f1-score": 0.8071472407051782, "support": 10000.0}}