{"0": {"precision": 0.9807692307692307, "recall": 0.9622641509433962, "f1-score": 0.9714285714285714, "support": 53.0}, "1": {"precision": 0.9302325581395349, "recall": 0.7547169811320755, "f1-score": 0.8333333333333334, "support": 53.0}, "2": {"precision": 1.0, "recall": 0.9622641509433962, "f1-score": 0.9807692307692307, "support": 53.0}, "3": {"precision": 0.9111111111111111, "recall": 0.7735849056603774, "f1-score": 0.8367346938775511, "support": 53.0}, "4": {"precision": 1.0, "recall": 0.9122807017543859, "f1-score": 0.9541284403669725, "support": 57.0}, "5": {"precision": 0.9016393442622951, "recall": 0.9821428571428571, "f1-score": 0.9401709401709402, "support": 56.0}, "6": {"precision": 0.9454545454545454, "recall": 0.9629629629629629, "f1-score": 0.9541284403669725, "support": 54.0}, "7": {"precision": 0.9285714285714286, "recall": 0.9629629629629629, "f1-score": 0.9454545454545454, "support": 54.0}, "8": {"precision": 0.7580645161290323, "recall": 0.9038461538461539, "f1-score": 0.8245614035087719, "support": 52.0}, "9": {"precision": 0.7301587301587301, "recall": 0.8363636363636363, "f1-score": 0.7796610169491526, "support": 55.0}, "accuracy": 0.9018518518518519, "macro avg": {"precision": 0.9086001464595908, "recall": 0.9013389463712203, "f1-score": 0.9020370616226041, "support": 540.0}, "weighted avg": {"precision": 0.9089616195825638, "recall": 0.9018518518518519, "f1-score": 0.9025018756632815, "support": 540.0}}